timestamp,symbol,best_bid_price,best_bid_qty,best_ask_price,best_ask_qty,spread_bps,mid_price,imbalance_5,update_count,open,high,low,close,volume,vwap,trade_count,buy_count,sell_count,buy_volume,sell_volume
2026-05-12 09:55:14,BTCUSDT,80810.33,1.0421,80810.34,9.15367,0.001237465480127016,80810.335,-0.804933798950494,10,80810.34,80810.34,80810.34,80810.34,0.00015,80810.34,1,1,0,0.00015,0.0
2026-05-12 09:55:15,BTCUSDT,80810.33,1.04211,80810.34,9.15301,0.001237465480127016,80810.335,-0.8049213668222336,10,80810.33,80810.33,80810.33,80810.33,0.00382,80810.33,1,0,1,0.0,0.00382
2026-05-12 09:55:16,BTCUSDT,80810.33,3.00719,80810.34,8.01555,0.001237465480127016,80810.335,-0.48230330508008146,10,80810.34,80810.34,80810.34,80810.34,0.01751,80810.34,1,1,0,0.01751,0.0
2026-05-12 09:55:17,BTCUSDT,80810.33,3.00693,80810.34,8.07821,0.001237465480127016,80810.335,-0.4734440621684062,10,80810.33,80810.33,80810.33,80810.33,0.00026,80810.33,2,0,2,0.0,0.00026
2026-05-12 09:55:18,BTCUSDT,80810.33,3.00465,80810.34,8.06785,0.001237465480127016,80810.335,-0.4732605358314162,10,80810.34,80810.34,80810.33,80810.33,0.00264,80810.33162878788,5,3,2,0.00043,0.00221
2026-05-12 09:55:19,BTCUSDT,80810.33,3.0047,80810.34,8.06794,0.001237465480127016,80810.335,-0.473258236470173,10,,,,,,,0,0,0,,
2026-05-12 09:55:20,BTCUSDT,80810.33,2.98801,80810.34,8.06801,0.001237465480127016,80810.335,-0.4754179160370483,10,80810.33,80810.33,80810.33,80810.33,0.01664,80810.33,2,0,2,0.0,0.01664
2026-05-12 09:55:21,BTCUSDT,80810.33,2.98651,80810.34,8.06728,0.001237465480127016,80810.335,-0.4755784557787684,10,80810.33,80810.33,80810.33,80810.33,0.0001,80810.33,1,0,1,0.0,0.0001
2026-05-12 09:55:22,BTCUSDT,80810.33,2.78214,80810.34,8.06073,0.001237465480127016,80810.335,-0.5022132692484715,10,80810.33,80810.34,80810.33,80810.34,0.08544,80810.33076661985,3,1,2,0.00655,0.07889
2026-05-12 09:55:23,BTCUSDT,80810.33,2.50003,80810.34,7.99956,0.001237465480127016,80810.335,-0.5384690562154946,10,80810.34,80810.34,80810.34,80810.34,0.00049,80810.34,1,1,0,0.00049,0.0
2026-05-12 09:55:24,BTCUSDT,80810.33,2.50003,80810.34,7.99954,0.001237465480127016,80810.335,-0.5384682051613022,10,,,,,,,0,0,0,,
2026-05-12 09:55:25,BTCUSDT,80810.33,2.78401,80810.34,7.99954,0.001237465480127016,80810.335,-0.4992147405948565,10,80810.34,80810.34,80810.33,80810.33,0.00017,80810.33529411764,2,1,1,9e-05,8e-05
2026-05-12 09:55:26,BTCUSDT,80810.33,2.46564,80810.34,7.99913,0.001237465480127016,80810.335,-0.5453826370171744,10,,,,,,,0,0,0,,
2026-05-12 09:55:27,BTCUSDT,80810.33,2.34689,80810.34,8.00918,0.001237465480127016,80810.335,-0.5629233936040882,10,80810.33,80810.33,80810.33,80810.33,0.08675,80810.33,26,0,26,0.0,0.08675
2026-05-12 09:55:28,BTCUSDT,80810.33,2.34645,80810.34,8.00472,0.001237465480127016,80810.335,-0.5628027303309618,10,80810.34,80810.34,80810.33,80810.34,0.0041,80810.33892682927,5,3,2,0.00366,0.00044
2026-05-12 09:55:29,BTCUSDT,80810.33,1.77789,80810.34,8.00527,0.001237465480127016,80810.335,-0.6501276289701059,10,80810.33,80810.34,80810.33,80810.33,0.10518,80810.33001711352,3,1,2,0.00018,0.105
2026-05-12 09:55:30,BTCUSDT,80810.33,0.85549,80810.34,8.0036,0.001237465480127016,80810.335,-0.8151320439227043,10,80810.33,80810.34,80810.33,80810.34,0.27431,80810.33000437461,5,1,4,0.00012,0.27419
2026-05-12 09:55:31,BTCUSDT,80810.33,0.70095,80810.34,8.00358,0.001237465480127016,80810.335,-0.8458662886054648,10,,,,,,,0,0,0,,
2026-05-12 09:55:32,BTCUSDT,80810.33,0.9255,80810.34,8.04388,0.001237465480127016,80810.335,-0.8023960511577791,10,,,,,,,0,0,0,,
2026-05-12 09:55:33,BTCUSDT,80810.33,0.91999,80810.34,8.11496,0.001237465480127016,80810.335,-0.8026433583935774,10,80810.33,80810.33,80810.33,80810.33,0.00579,80810.33,3,0,3,0.0,0.00579
2026-05-12 09:55:34,BTCUSDT,80810.33,0.88663,80810.34,8.03448,0.001237465480127016,80810.335,-0.8109581993022232,10,80810.34,80810.34,80810.34,80810.34,0.0802,80810.34,1,1,0,0.0802,0.0
2026-05-12 09:55:35,BTCUSDT,80810.33,0.14247,80810.34,7.99972,0.001237465480127016,80810.335,-0.9664043394105171,10,80810.33,80810.33,80810.33,80810.33,0.00037,80810.33,1,0,1,0.0,0.00037
2026-05-12 09:55:36,BTCUSDT,80808.48,0.98589,80808.49,8.03235,0.001237493810210648,80808.485,-0.7810968308630584,10,80810.33,80810.33,80808.48,80808.48,0.09025,80809.16260941829,83,0,83,0.0,0.09025
2026-05-12 09:55:37,BTCUSDT,80808.48,0.91868,80808.49,8.04638,0.001237493810210648,80808.485,-0.7947211789047711,10,80808.48,80808.48,80808.48,80808.48,0.07972,80808.48,3,0,3,0.0,0.07972
2026-05-12 09:55:38,BTCUSDT,80808.48,0.90598,80808.49,8.0464,0.001237493810210648,80808.485,-0.7971663520773499,10,,,,,,,0,0,0,,
2026-05-12 09:55:39,BTCUSDT,80808.48,1.23814,80808.49,7.8439,0.001237493810210648,80808.485,-0.7246111518869957,10,80808.49,80808.49,80808.48,80808.48,0.01285,80808.48240466927,2,1,1,0.00309,0.00976
2026-05-12 09:55:40,BTCUSDT,80810.33,9.73068,80810.34,3.26385,0.001237465480127016,80810.335,0.5074374977838769,10,80808.49,80810.33,80808.49,80810.33,0.53838,80808.49263921393,59,59,0,0.53838,0.0
2026-05-12 09:55:41,BTCUSDT,80810.33,9.73102,80810.34,3.25835,0.001237465480127016,80810.335,0.5095017019815687,10,80810.34,80810.34,80810.34,80810.34,0.00491,80810.34,6,6,0,0.00491,0.0
2026-05-12 09:55:42,BTCUSDT,80810.33,9.94226,80810.34,3.70812,0.001237465480127016,80810.335,0.45673184788911325,10,80810.33,80810.34,80810.33,80810.33,0.00966,80810.33896480332,6,2,4,0.00866,0.001
2026-05-12 09:55:43,BTCUSDT,80810.33,9.85268,80810.34,3.70484,0.001237465480127016,80810.335,0.4535476485053211,10,80810.34,80810.34,80810.33,80810.34,0.00706,80810.33444759207,3,2,1,0.00314,0.00392
2026-05-12 09:55:44,BTCUSDT,80810.33,10.09577,80810.34,3.24706,0.001237465480127016,80810.335,0.5149885194634797,10,80810.34,80810.34,80810.33,80810.33,0.00722,80810.33011080332,2,1,1,8e-05,0.00714
2026-05-12 09:55:45,BTCUSDT,80810.33,10.09584,80810.34,3.24694,0.001237465480127016,80810.335,0.5150045306357807,10,80810.34,80810.34,80810.34,80810.34,0.00012,80810.34,1,1,0,0.00012,0.0
2026-05-12 09:55:46,BTCUSDT,80831.97,5.60223,80831.98,0.84605,0.001237134191017849,80831.975,0.7769012971620465,10,80810.34,80837.85,80810.34,80831.98,5.65266,80817.85202690415,309,308,1,5.65214,0.00052
2026-05-12 09:55:47,BTCUSDT,80831.97,5.59446,80831.98,0.84563,0.001237134191017849,80831.975,0.8084700133475103,10,80831.98,80831.98,80831.97,80831.97,0.06175,80831.97001295547,6,1,5,8e-05,0.06167
2026-05-12 09:55:48,BTCUSDT,80831.97,5.60615,80831.98,0.84556,0.001237134191017849,80831.975,0.8067472582281366,10,,,,,,,0,0,0,,
2026-05-12 09:55:49,BTCUSDT,80832.06,6.87801,80832.07,0.77684,0.0012371328135684769,80832.065,0.842860664549033,10,80831.97,80832.07,80831.97,80832.07,0.14804,80831.97579910835,90,86,4,0.02565,0.12239
2026-05-12 09:55:50,BTCUSDT,80832.06,6.60649,80832.07,0.77667,0.0012371328135684769,80832.065,0.8338470611740346,10,80832.07,80832.07,80832.07,80832.07,0.00066,80832.07,1,1,0,0.00066,0.0
2026-05-12 09:55:51,BTCUSDT,80832.06,6.61171,80832.07,0.7777,0.0012371328135684769,80832.065,0.833752938840095,10,80832.07,80832.07,80832.07,80832.07,7e-05,80832.07,1,1,0,7e-05,0.0
2026-05-12 09:55:52,BTCUSDT,80832.06,5.09122,80832.07,3.57355,0.0012371328135684769,80832.065,0.4414210004476958,10,80832.07,80832.07,80832.07,80832.07,0.00012,80832.07,1,1,0,0.00012,0.0
2026-05-12 09:55:53,BTCUSDT,80832.06,5.09129,80832.07,3.24116,0.0012371328135684769,80832.065,0.47776490078225736,10,80832.07,80832.07,80832.07,80832.07,9e-05,80832.07,1,1,0,9e-05,0.0
2026-05-12 09:55:54,BTCUSDT,80832.06,4.87398,80832.07,3.33653,0.0012371328135684769,80832.065,0.45709814689500805,10,80832.06,80832.06,80832.06,80832.06,0.00958,80832.06,3,0,3,0.0,0.00958
2026-05-12 09:55:55,BTCUSDT,80832.06,4.87017,80832.07,3.13717,0.0012371328135684769,80832.065,0.4809247044346382,10,80832.06,80832.06,80832.06,80832.06,0.00382,80832.06,1,0,1,0.0,0.00382
2026-05-12 09:55:56,BTCUSDT,80832.06,4.86915,80832.07,3.32164,0.0012371328135684769,80832.065,0.4431560171934782,10,80832.07,80832.07,80832.06,80832.07,0.01437,80832.0692414753,4,3,1,0.01328,0.00109
2026-05-12 09:55:57,BTCUSDT,80832.06,0.58953,80832.07,8.01476,0.0012371328135684769,80832.065,-0.8413075589236401,10,80832.06,80832.07,80832.06,80832.07,0.074,80832.06001621622,2,1,1,0.00012,0.07388
2026-05-12 09:55:58,BTCUSDT,80832.06,0.59898,80832.07,8.01476,0.0012371328135684769,80832.065,-0.8393127379246271,10,,,,,,,0,0,0,,
2026-05-12 09:55:59,BTCUSDT,80831.45,0.00028,80831.46,7.34556,0.0012371421496742822,80831.455,-0.9999056507700694,10,80832.06,80832.06,80831.98,80831.98,0.19942,80832.05608314111,117,0,117,0.0,0.19942
2026-05-12 09:56:00,BTCUSDT,80825.53,1.40047,80825.54,10.44717,0.0012372327631360559,80825.535,-0.7579806603860858,10,80831.98,80831.98,80825.54,80825.54,0.16392,80831.07317166911,152,1,151,0.00013,0.16379
2026-05-12 09:56:01,BTCUSDT,80825.53,2.13915,80825.54,10.08608,0.0012372327631360559,80825.535,-0.644978950757406,10,80825.54,80825.54,80825.53,80825.54,0.00459,80825.53973856209,9,8,1,0.00447,0.00012
2026-05-12 09:56:02,BTCUSDT,80825.53,3.4612,80825.54,9.67482,0.0012372327631360559,80825.535,-0.4689007304487172,10,80825.53,80825.53,80825.53,80825.53,0.00907,80825.53,2,0,2,0.0,0.00907
2026-05-12 09:56:03,BTCUSDT,80825.53,3.77666,80825.54,6.10286,0.0012372327631360559,80825.535,-0.23017845950783042,10,80825.54,80825.54,80825.53,80825.54,0.04169,80825.53892300311,3,2,1,0.0372,0.00449
2026-05-12 09:56:04,BTCUSDT,80825.53,3.23901,80825.54,6.10424,0.0012372327631360559,80825.535,-0.30145968789945743,10,80825.53,80825.53,80825.53,80825.53,0.00012,80825.53,1,0,1,0.0,0.00012
2026-05-12 09:56:05,BTCUSDT,80825.53,3.81304,80825.54,6.10412,0.0012372327631360559,80825.535,-0.22656494303102223,10,,,,,,,0,0,0,,
2026-05-12 09:56:06,BTCUSDT,80825.53,3.48781,80825.54,6.1038,0.0012372327631360559,80825.535,-0.26786996428649135,10,80825.53,80825.53,80825.53,80825.53,0.00226,80825.53,1,0,1,0.0,0.00226
2026-05-12 09:56:07,BTCUSDT,80825.53,3.00513,80825.54,6.32492,0.0012372327631360559,80825.535,-0.35028625222569626,10,80825.54,80825.54,80825.53,80825.53,0.23482,80825.53001405332,34,1,33,0.00033,0.23449
2026-05-12 09:56:08,BTCUSDT,80825.53,2.99686,80825.54,6.32174,0.0012372327631360559,80825.535,-0.351245075408228,10,80825.53,80825.54,80825.53,80825.54,0.01145,80825.53283842794,6,3,3,0.00325,0.0082
2026-05-12 09:56:09,BTCUSDT,80823.87,1.15312,80823.88,7.50588,0.0012372581740234553,80823.875,-0.7420409490548232,10,80825.54,80825.54,80824.05,80824.05,0.05243,80825.14199694831,88,3,85,0.00079,0.05164
2026-05-12 09:56:10,BTCUSDT,80823.87,0.22037,80823.88,7.98667,0.0012372581740234553,80823.875,-0.9444928343194856,10,80823.87,80823.87,80823.87,80823.87,0.02472,80823.87,1,0,1,0.0,0.02472
2026-05-12 09:56:11,BTCUSDT,80823.87,0.67867,80823.88,7.98059,0.0012372581740234553,80823.875,-0.8427997498616591,10,80823.87,80823.88,80823.87,80823.88,0.00448,80823.87149553571,5,2,3,0.00067,0.00381
2026-05-12 09:56:12,BTCUSDT,80823.87,0.115,80823.88,7.98609,0.0012372581740234553,80823.875,-0.9675722124344124,10,80823.87,80823.87,80823.87,80823.87,0.10184,80823.87,3,0,3,0.0,0.10184
2026-05-12 09:56:13,BTCUSDT,80820.24,1.39837,80820.25,8.44836,0.0012373137448420256,80820.245,-0.7255652571330358,10,80823.87,80823.87,80820.25,80820.25,0.1565,80822.00321916933,189,0,189,0.0,0.1565
2026-05-12 09:56:14,BTCUSDT,80820.24,1.38823,80820.25,8.44752,0.0012373137448420256,80820.245,-0.7272414440342865,10,80820.24,80820.25,80820.24,80820.25,0.00113,80820.24805309734,3,2,1,0.00091,0.00022
2026-05-12 09:56:15,BTCUSDT,80820.24,1.43179,80820.25,8.4067,0.0012373137448420256,80820.245,-0.7187900703674746,10,80820.24,80820.25,80820.24,80820.25,0.29522,80820.24002743716,14,2,12,0.00081,0.29441
2026-05-12 09:56:16,BTCUSDT,80820.24,1.29799,80820.25,8.37651,0.0012373137448420256,80820.245,-0.7407525858592681,10,80820.24,80820.25,80820.24,80820.25,0.03143,80820.24983773465,2,1,1,0.03092,0.00051
2026-05-12 09:56:17,BTCUSDT,80820.24,2.99106,80820.25,6.80277,0.0012373137448420256,80820.245,-0.4034406665417414,10,80820.25,80820.25,80820.25,80820.25,0.00912,80820.25,10,10,0,0.00912,0.0
2026-05-12 09:56:18,BTCUSDT,80820.24,4.00002,80820.25,6.3825,0.0012373137448420256,80820.245,-0.18867271261453236,10,80820.25,80820.25,80820.24,80820.25,0.00097,80820.2487628866,4,3,1,0.00085,0.00012
2026-05-12 09:56:19,BTCUSDT,80825.53,6.93339,80825.54,4.09643,0.0012372327631360559,80825.535,0.24186344923455294,10,80820.24,80825.54,80820.24,80825.54,0.38471,80821.59168854462,213,208,5,0.37964,0.00507
2026-05-12 09:56:20,BTCUSDT,80825.53,6.78559,80825.54,4.09437,0.0012372327631360559,80825.535,0.23170267874969397,10,80825.53,80825.54,80825.53,80825.54,0.01116,80825.53178315412,8,2,6,0.00199,0.00917
2026-05-12 09:56:21,BTCUSDT,80825.53,6.00192,80825.54,4.04446,0.0012372327631360559,80825.535,0.1788705657527461,10,80825.53,80825.54,80825.53,80825.53,0.12974,80825.53385232002,20,1,19,0.04998,0.07976
2026-05-12 09:56:22,BTCUSDT,80825.53,6.068,80825.54,4.04427,0.0012372327631360559,80825.535,0.18416965027687385,10,80825.54,80825.54,80825.53,80825.53,0.07928,80825.53001513623,11,1,10,0.00012,0.07916
2026-05-12 09:56:23,BTCUSDT,80825.53,5.85254,80825.54,4.04427,0.0012372327631360559,80825.535,0.17250927323626344,10,80825.53,80825.53,80825.53,80825.53,0.2167,80825.53,57,0,57,0.0,0.2167
2026-05-12 09:56:24,BTCUSDT,80825.53,5.8524,80825.54,4.0442,0.0012372327631360559,80825.535,0.17252957713194134,10,80825.54,80825.54,80825.54,80825.54,7e-05,80825.54,1,1,0,7e-05,0.0
2026-05-12 09:56:25,BTCUSDT,80825.53,6.44904,80825.54,3.64856,0.0012372327631360559,80825.535,0.26498431851188087,10,80825.53,80825.54,80825.53,80825.54,0.07368,80825.53998371336,4,3,1,0.07356,0.00012
2026-05-12 09:56:26,BTCUSDT,80825.53,7.79938,80825.54,3.64863,0.0012372327631360559,80825.535,0.34978388998035365,10,80825.54,80825.54,80825.54,80825.54,8e-05,80825.54,1,1,0,8e-05,0.0
2026-05-12 09:56:27,BTCUSDT,80825.53,7.79938,80825.54,3.19086,0.0012372327631360559,80825.535,0.4047107266103783,10,,,,,,,0,0,0,,
2026-05-12 09:56:28,BTCUSDT,80825.53,7.92763,80825.54,3.64501,0.0012372327631360559,80825.535,0.35725200646395805,10,80825.54,80825.54,80825.54,80825.54,0.00362,80825.54,1,1,0,0.00362,0.0
2026-05-12 09:56:29,BTCUSDT,80825.53,7.94232,80825.54,3.64501,0.0012372327631360559,80825.535,0.358305790388982,10,,,,,,,0,0,0,,
2026-05-12 09:56:30,BTCUSDT,80825.53,7.94225,80825.54,3.64501,0.0012372327631360559,80825.535,0.35829820986326105,10,,,,,,,0,0,0,,
2026-05-12 09:56:31,BTCUSDT,80825.53,7.94211,80825.54,3.55346,0.0012372327631360559,80825.535,0.3688577983913899,10,80825.54,80825.54,80825.54,80825.54,0.09155,80825.54,2,2,0,0.09155,0.0
2026-05-12 09:56:32,BTCUSDT,80826.39,14.18929,80826.4,0.04385,0.0012372195988698989,80826.395,0.9938172241979097,10,80825.54,80826.4,80825.54,80826.4,3.28686,80825.57975338165,112,112,0,3.28686,0.0
2026-05-12 09:56:33,BTCUSDT,80826.39,14.14192,80826.4,3.20155,0.0012372195988698989,80826.395,0.6354022098629794,10,,,,,,,0,0,0,,
2026-05-12 09:56:34,BTCUSDT,80826.39,9.45514,80826.4,4.19978,0.0012372195988698989,80826.395,0.37090757017499587,10,80826.4,80826.4,80826.4,80826.4,0.00123,80826.4,1,1,0,0.00123,0.0
2026-05-12 09:56:35,BTCUSDT,80826.39,9.29274,80826.4,4.19869,0.0012372195988698989,80826.395,0.36356923651656947,10,80826.4,80826.4,80826.39,80826.39,0.00314,80826.39213375797,2,1,1,0.00067,0.00247
2026-05-12 09:56:36,BTCUSDT,80826.39,9.93274,80826.4,4.36157,0.0012372195988698989,80826.395,0.3763147519650631,10,80826.4,80826.4,80826.4,80826.4,0.07561,80826.4,20,20,0,0.07561,0.0
2026-05-12 09:56:37,BTCUSDT,80826.39,10.66889,80826.4,3.89543,0.0012372195988698989,80826.395,0.45412915280561295,10,80826.4,80826.4,80826.39,80826.39,0.06436,80826.39009011809,4,2,2,0.00058,0.06378
2026-05-12 09:56:38,BTCUSDT,80826.39,10.66823,80826.4,3.75862,0.0012372195988698989,80826.395,0.4677238708900068,10,80826.4,80826.4,80826.4,80826.4,0.00064,80826.4,1,1,0,0.00064,0.0
2026-05-12 09:56:39,BTCUSDT,80826.39,10.50823,80826.4,4.10506,0.0012372195988698989,80826.395,0.42759532552090374,10,80826.39,80826.4,80826.39,80826.4,0.00085,80826.39223529412,2,1,1,0.00019,0.00066
2026-05-12 09:56:40,BTCUSDT,80826.39,10.49865,80826.4,4.10457,0.0012372195988698989,80826.395,0.42727171262459035,10,80826.39,80826.4,80826.39,80826.4,0.01038,80826.39047206166,2,1,1,0.00049,0.00989
2026-05-12 09:56:41,BTCUSDT,80826.39,9.37927,80826.4,3.64294,0.0012372195988698989,80826.395,0.4425676321648488,10,80826.4,80826.4,80826.4,80826.4,0.00064,80826.4,1,1,0,0.00064,0.0
2026-05-12 09:56:42,BTCUSDT,80826.39,9.2996,80826.4,4.68761,0.0012372195988698989,80826.395,0.3320868546356543,10,80826.4,80826.4,80826.39,80826.39,0.08191,80826.39008057624,4,1,3,0.00066,0.08125
2026-05-12 09:56:43,BTCUSDT,80826.39,9.2996,80826.4,4.68704,0.0012372195988698989,80826.395,0.3321409390140879,10,80826.4,80826.4,80826.4,80826.4,0.00057,80826.4,1,1,0,0.00057,0.0
2026-05-12 09:56:44,BTCUSDT,80826.39,9.21337,80826.4,4.68768,0.0012372195988698989,80826.395,0.32795256206556256,10,80826.39,80826.4,80826.39,80826.4,0.00189,80826.3965079365,2,1,1,0.00123,0.00066
2026-05-12 09:56:45,BTCUSDT,80826.39,9.22737,80826.4,4.68589,0.0012372195988698989,80826.395,0.32879647132955264,10,80826.4,80826.4,80826.4,80826.4,6e-05,80826.4,1,1,0,6e-05,0.0
2026-05-12 09:56:46,BTCUSDT,80826.39,9.28301,80826.4,4.6851,0.0012372195988698989,80826.395,0.33154165578964334,10,80826.4,80826.4,80826.4,80826.4,0.00066,80826.4,1,1,0,0.00066,0.0
2026-05-12 09:56:47,BTCUSDT,80826.39,9.28301,80826.4,4.6851,0.0012372195988698989,80826.395,0.33154165578964334,10,,,,,,,0,0,0,,
2026-05-12 09:56:48,BTCUSDT,80826.39,9.28291,80826.4,4.68232,0.0012372195988698989,80826.395,0.33180096308186197,10,80826.4,80826.4,80826.4,80826.4,0.00294,80826.4,2,2,0,0.00294,0.0
2026-05-12 09:56:49,BTCUSDT,80826.39,8.8212,80826.4,4.68469,0.0012372195988698989,80826.395,0.30881329029897864,10,80826.4,80826.4,80826.39,80826.39,0.08926,80826.39693031592,4,1,3,0.06186,0.0274
2026-05-12 09:56:50,BTCUSDT,80826.39,9.30655,80826.4,4.63432,0.0012372195988698989,80826.395,0.33749823127618245,10,80826.4,80826.4,80826.4,80826.4,0.00049,80826.4,1,1,0,0.00049,0.0
2026-05-12 09:56:51,BTCUSDT,80826.39,9.30655,80826.4,4.63432,0.0012372195988698989,80826.395,0.33749823127618245,10,,,,,,,0,0,0,,
2026-05-12 09:56:52,BTCUSDT,80826.39,9.37422,80826.4,4.63345,0.0012372195988698989,80826.395,0.3407695907663902,10,80826.39,80826.4,80826.39,80826.4,0.00125,80826.39696,2,1,1,0.00087,0.00038
2026-05-12 09:56:53,BTCUSDT,80826.39,9.37396,80826.4,4.63233,0.0012372195988698989,80826.395,0.3408642136890265,10,80826.39,80826.4,80826.39,80826.4,0.00138,80826.39811594202,3,2,1,0.00112,0.00026
